{
  "project_info": {
    "project_number": "820869171300",
    "firebase_url": "https://pushp-india-limited-fed69.firebaseio.com",
    "project_id": "pushp-india-limited-fed69",
    "storage_bucket": "pushp-india-limited-fed69.appspot.com"
  },
  "client": [
    {
      "client_info": {
        "mobilesdk_app_id": "1:820869171300:android:84152f7f39fdf50b",
        "android_client_info": {
          "package_name": "verma.vishal.pushpindialimited"
        }
      },
      "oauth_client": [
        {
          "client_id": "820869171300-it5vrjae5qs917bcmhkvf2l2ma3csdr2.apps.googleusercontent.com",
          "client_type": 1,
          "android_info": {
            "package_name": "verma.vishal.pushpindialimited",
            "certificate_hash": "2163c7a43d1c1d24aed8e7c48a1b2410ca2923b9"
          }
        },
        {
          "client_id": "820869171300-p5ssasb315p3bdnlhejlopfednps7490.apps.googleusercontent.com",
          "client_type": 3
        }
      ],
      "api_key": [
        {
          "current_key": "AIzaSyDewyR705E8dDSvqaEJfMQUX3QQDCxpGeU"
        }
      ],
      "services": {
        "analytics_service": {
          "status": 1
        },
        "appinvite_service": {
          "status": 2,
          "other_platform_oauth_client": [
            {
              "client_id": "820869171300-p5ssasb315p3bdnlhejlopfednps7490.apps.googleusercontent.com",
              "client_type": 3
            }
          ]
        },
        "ads_service": {
          "status": 2
        }
      }
    }
  ],
  "configuration_version": "1"
}